Model,CV_ROC_AUC_Mean,CV_ROC_AUC_Std
LogisticRegression_SMOTE,0.8463878068426629,0.005783069382361082
GradientBoosting,0.8475496072114179,0.007749193092308274
