Model,CV_ROC_AUC_Mean,CV_ROC_AUC_Std
LogisticRegression_SMOTE,0.8464054866063124,0.005766300544743016
GradientBoosting,0.8475496072114179,0.007749193092308274
