Model,Accuracy,Precision,Recall,F1,ROC_AUC,PR_AUC
GradientBoosting,0.8005677785663591,0.6608996539792388,0.5106951871657754,0.5761689291101055,0.8465021054535121,0.6679622566949952
RandomForest,0.765791341376863,0.5416666666666666,0.7647058823529411,0.6341463414634146,0.845678007698468,0.659322721001593
LogisticRegression_SMOTE,0.7452093683463449,0.5130890052356021,0.786096256684492,0.6209081309398099,0.8441189387480946,0.6596352592919617
